{
  "YOLOv8n-seg": {
    "kvasir": {
      "ttn": {
        "precision": 0.9177640248333147,
        "recall": 0.8888888888888888,
        "map50": 0.956,
        "map50_95": 0.7643846777048914
      },
      "ttt": {
        "precision": 0.9311626416099016,
        "recall": 0.9148748496719272,
        "map50": 0.959,
        "map50_95": 0.7648423378463507
      }
    },
    "cvc": {
      "ttn": {
        "precision": 0.8106265147807126,
        "recall": 0.7057010785824345,
        "map50": 0.725,
        "map50_95": 0.5023552828831745
      },
      "ttt": {
        "precision": 0.8110947704211693,
        "recall": 0.7211093990755008,
        "map50": 0.807,
        "map50_95": 0.5317063442050626
      }
    },
    "etis": {
      "ttn": {
        "precision": 0.7530627268804092,
        "recall": 0.6451141394081731,
        "map50": 0.678,
        "map50_95": 0.4808280712884169
      },
      "ttt": {
        "precision": 0.8195397114366518,
        "recall": 0.7115384615384616,
        "map50": 0.763,
        "map50_95": 0.559631873176152
      }
    }
  },
  "YOLOv11s-seg": {
    "kvasir": {
      "ttn": {
        "precision": 0.933768252692978,
        "recall": 0.8854179758384503,
        "map50": 0.959,
        "map50_95": 0.7756468298557027
      },
      "ttt": {
        "precision": 0.929269232385556,
        "recall": 0.8985507246376812,
        "map50": 0.961,
        "map50_95": 0.784858244506505
      }
    },
    "cvc": {
      "ttn": {
        "precision": 0.7337576393552347,
        "recall": 0.6412213420564445,
        "map50": 0.857,
        "map50_95": 0.44365226539797975
      },
      "ttt": {
        "precision": 0.7353128576870628,
        "recall": 0.7087827426810478,
        "map50": 0.916,
        "map50_95": 0.4846270961174762
      }
    },
    "etis": {
      "ttn": {
        "precision": 0.6813295646721715,
        "recall": 0.6298076923076923,
        "map50": 0.812,
        "map50_95": 0.4301140947474392
      },
      "ttt": {
        "precision": 0.7408626044280904,
        "recall": 0.7147445171975996,
        "map50": 0.871,
        "map50_95": 0.5139697013069677
      }
    }
  }
}
