{
  "kvasir": {
    "ttn": {
      "precision": 0.9033816425120773,
      "recall": 0.9033816425120773,
      "map50": 0.961,
      "map50_95": 0.6550715681863523
    },
    "ttt": {
      "precision": 0.9108910891089109,
      "recall": 0.8888888888888888,
      "map50": 0.963,
      "map50_95": 0.6400043526264942
    }
  },
  "cvc": {
    "ttn": {
      "precision": 0.7567084078711985,
      "recall": 0.6547987616099071,
      "map50": 0.882,
      "map50_95": 0.4269460145801232
    },
    "ttt": {
      "precision": 0.8238636363636364,
      "recall": 0.673374613003096,
      "map50": 0.934,
      "map50_95": 0.4710755920925232
    }
  },
  "etis": {
    "ttn": {
      "precision": 0.75,
      "recall": 0.6201923076923077,
      "map50": 0.861,
      "map50_95": 0.4405236764162576
    },
    "ttt": {
      "precision": 0.8553459119496856,
      "recall": 0.6538461538461539,
      "map50": 0.918,
      "map50_95": 0.5006467033608293
    }
  }
}
